{
    "site": {
        "plugin_akwam": {
            "label": "akwam",
            "active": "true"
        },
        "plugin_egybest": {
            "label": "egybest",
            "active": "true"
        },
        "plugin_channelstream": {
            "label": "channelstream",
            "active": "True"
        },
        "plugin_beinsports_net": {
            "label": "beinsports_net",
            "active": "true"
        },
        "plugin_streamonsport": {
            "label": "streamonsport",
            "active": "true"
        },
        "plugin_mystream_zone": {
            "label": "mystream_zone",
            "active": "true"
        }
    }
}