<?xml version="1.0" encoding="UTF-8" standalone="yes"?>
<addon id="repository.bilel" name="Bilel Repository" version="0.0.1" provider-name="Bilel">
    <extension point="xbmc.addon.repository" name="Example Repository">
        <dir>
            <info compressed="false">https://raw.githubusercontent.com/rihanibilel/repo.bilel.github.io/master/repo/zips/addons.xml</info>
            <checksum>https://raw.githubusercontent.com/rihanibilel/repo.bilel.github.io/master/repo/zips/addons.xml.md5</checksum>
            <datadir zip="true">https://raw.githubusercontent.com/rihanibilel/repo.bilel.github.io/master/repo/zips/</datadir>
        </dir>
    </extension>
    <extension point="xbmc.addon.metadata">
        <summary>bilel for kodi</summary>
        <description>vide streaming</description>
        <disclaimer></disclaimer>
        <platform>all</platform>
        <assets>
            <icon>icon.png</icon>
            <fanart>fanart.jpg</fanart>
        </assets>
    </extension>
</addon>