<?xml version="1.0" encoding="UTF-8" standalone="yes"?>
<addon id="repository.bilel" name="Bilel Repository" version="5.0.0" provider-name="Bilel">
    <extension point="xbmc.addon.repository" name="Zombi Repository">
        <dir>
            <info compressed="false">https://raw.githubusercontent.com/rihanibilel/rihanibilel.github.io/master/repo/zips/addons.xml</info>
            <checksum>https://raw.githubusercontent.com/rihanibilel/rihanibilel.github.io/master/repo/zips/addons.xml.md5</checksum>
            <datadir zip="true">https://raw.githubusercontent.com/rihanibilel/rihanibilel.github.io/master/repo/zips/</datadir>
        </dir>
        <dir>
            <info compressed="false">https://raw.githubusercontent.com/Gujal00/smrzips/master/addons.xml</info>
            <checksum>https://raw.githubusercontent.com/Gujal00/smrzips/master/addons.xml.md5</checksum>
            <datadir zip="true">https://raw.githubusercontent.com/Gujal00/smrzips/master/zips/</datadir>
        </dir>
        <dir>
            <info compressed="false">https://raw.githubusercontent.com/jsergio123/zips/master/addons.xml</info>
            <checksum>https://raw.githubusercontent.com/jsergio123/zips/master/addons.xml.md5</checksum>
            <datadir zip="true">https://raw.githubusercontent.com/jsergio123/zips/master/</datadir>
        </dir>
    </extension>
    <extension point="xbmc.addon.metadata">
        <summary>arabic vod addon</summary>
        <description>support: "Matrix : arabic vod addon" group on facebook</description>
        <platform>all</platform>
    </extension>
</addon>